basin,state_territory
Arctic,Alaska
Atlantic,Connecticut
Atlantic,Delaware
Atlantic,Connecticut
Atlantic,District of Columbia
Atlantic,Florida
Atlantic,Georgia
Atlantic,Maine
Atlantic,Maryland
Atlantic,Massachusetts
Atlantic,New Hampshire
Atlantic,New Jersey
Atlantic,New York
Atlantic,North Carolina
Atlantic,Pennsylvania
Atlantic,South Carolina
Atlantic,Virginia
Caribbean,Navassa Island
Caribbean,Puerto Rico
Caribbean,USVI
Gulf of America,Alabama
Gulf of America,Florida
Gulf of America,Louisiana
Gulf of America,Mississippi
Gulf of America,Texas
Pacific,Alaska
Pacific,American Samoa
Pacific,California
Pacific,CNMI
Pacific,Guam
Pacific,Hawai'i
Pacific,Idaho
Pacific,Oregon
Pacific,PRIA
Pacific,Washington